{"cameraMode":{"drawMode":0,"name":"Shaded","section":"Shading Mode"},"sceneLighting":false,"audioPlay":false,"sceneViewState":{"showFog":true,"showMaterialUpdate":false,"showSkybox":true,"showFlares":true,"showImageEffects":true,"showParticleSystems":true},"in2DMode":false,"pivot":{"x":-0.11320972442626953,"y":3.194032669067383,"z":-12.180171966552735},"rotation":{"x":0.100185826420784,"y":-0.7085463404655457,"z":0.10274215787649155,"w":0.6909189224243164},"size":15.32689094543457,"orthographic":false}