{"cameraMode":{"drawMode":0,"name":"Shaded","section":"Shading Mode"},"sceneLighting":false,"audioPlay":false,"sceneViewState":{"showFog":true,"showMaterialUpdate":false,"showSkybox":false,"showFlares":true,"showImageEffects":true,"showParticleSystems":true},"in2DMode":false,"pivot":{"x":-6.4966864585876469,"y":-3.0424396991729738,"z":40.54462432861328},"rotation":{"x":-0.14050301909446717,"y":0.20135372877120973,"z":-0.029197534546256067,"w":-0.9689494967460632},"size":19.610130310058595,"orthographic":false}