{"cameraMode":{"drawMode":0,"name":"Shaded","section":"Shading Mode"},"sceneLighting":false,"audioPlay":false,"sceneViewState":{"showFog":true,"showMaterialUpdate":false,"showSkybox":false,"showFlares":true,"showImageEffects":true,"showParticleSystems":true},"in2DMode":false,"pivot":{"x":0.2561277151107788,"y":0.34258562326431277,"z":-18.8133544921875},"rotation":{"x":-0.04986618086695671,"y":0.7188926339149475,"z":-0.05184992402791977,"w":-0.691388726234436},"size":17.28148078918457,"orthographic":false}