{"cameraMode":{"drawMode":0,"name":"Shaded","section":"Shading Mode"},"sceneLighting":false,"audioPlay":false,"sceneViewState":{"showFog":true,"showMaterialUpdate":false,"showSkybox":false,"showFlares":true,"showImageEffects":true,"showParticleSystems":true},"in2DMode":false,"pivot":{"x":0.18711891770362855,"y":-0.07980334758758545,"z":-18.27666473388672},"rotation":{"x":0.12113981693983078,"y":-0.03155692666769028,"z":0.0038531990721821787,"w":0.9921262264251709},"size":2.8578836917877199,"orthographic":false}