{"cameraMode":{"drawMode":0,"name":"Shaded","section":"Shading Mode"},"sceneLighting":false,"audioPlay":false,"sceneViewState":{"showFog":true,"showMaterialUpdate":false,"showSkybox":true,"showFlares":true,"showImageEffects":true,"showParticleSystems":true},"in2DMode":false,"pivot":{"x":-180.29701232910157,"y":-57.867271423339847,"z":29.57537841796875},"rotation":{"x":-0.07712844014167786,"y":0.738078773021698,"z":-0.08562983572483063,"w":-0.6647996306419373},"size":132.40557861328126,"orthographic":false}