{"cameraMode":{"drawMode":0,"name":"Shaded","section":"Shading Mode"},"sceneLighting":true,"audioPlay":false,"sceneViewState":{"showFog":true,"showMaterialUpdate":false,"showSkybox":true,"showFlares":true,"showImageEffects":true,"showParticleSystems":true},"in2DMode":false,"pivot":{"x":2.408803939819336,"y":3.5027294158935549,"z":-16.265275955200197},"rotation":{"x":0.01975688710808754,"y":0.6319213509559631,"z":0.016117367893457414,"w":-0.7746130228042603},"size":18.693561553955079,"orthographic":false}