{"cameraMode":{"drawMode":0,"name":"Shaded","section":"Shading Mode"},"sceneLighting":false,"audioPlay":false,"sceneViewState":{"showFog":true,"showMaterialUpdate":false,"showSkybox":false,"showFlares":true,"showImageEffects":true,"showParticleSystems":true},"in2DMode":false,"pivot":{"x":0.047359272837638858,"y":0.11124680936336518,"z":-19.224397659301759},"rotation":{"x":0.11057467013597489,"y":0.05930021405220032,"z":-0.006609455216675997,"w":0.9920751452445984},"size":1.0527375936508179,"orthographic":false}