{"cameraMode":{"drawMode":0,"name":"Shaded","section":"Shading Mode"},"sceneLighting":false,"audioPlay":false,"sceneViewState":{"showFog":true,"showMaterialUpdate":false,"showSkybox":false,"showFlares":true,"showImageEffects":true,"showParticleSystems":true},"in2DMode":false,"pivot":{"x":-3.9536750316619875,"y":0.5431737303733826,"z":-6.679999828338623},"rotation":{"x":0.0048643252812325958,"y":-0.7611890435218811,"z":0.005709656979888678,"w":0.6484867930412293},"size":5.949000358581543,"orthographic":false}