{"cameraMode":{"drawMode":0,"name":"Shaded","section":"Shading Mode"},"sceneLighting":false,"audioPlay":false,"sceneViewState":{"showFog":true,"showMaterialUpdate":false,"showSkybox":false,"showFlares":true,"showImageEffects":true,"showParticleSystems":true},"in2DMode":false,"pivot":{"x":0.0,"y":1.1796766519546509,"z":-24.669700622558595},"rotation":{"x":0.016887489706277849,"y":0.6605666875839233,"z":0.014865221455693245,"w":-0.7504302263259888},"size":19.610130310058595,"orthographic":false}