{"cameraMode":{"drawMode":0,"name":"Shaded","section":"Shading Mode"},"sceneLighting":false,"audioPlay":false,"sceneViewState":{"showFog":true,"showMaterialUpdate":false,"showSkybox":true,"showFlares":true,"showImageEffects":true,"showParticleSystems":true},"in2DMode":false,"pivot":{"x":18.85401725769043,"y":7.720430374145508,"z":1.1907753944396973},"rotation":{"x":-0.026091067120432855,"y":0.6884031891822815,"z":-0.024793198332190515,"w":-0.7244347333908081},"size":22.0,"orthographic":false}