{"cameraMode":{"drawMode":0,"name":"Shaded","section":"Shading Mode"},"sceneLighting":false,"audioPlay":false,"sceneViewState":{"showFog":true,"showMaterialUpdate":false,"showSkybox":false,"showFlares":true,"showImageEffects":true,"showParticleSystems":true},"in2DMode":false,"pivot":{"x":14.860800743103028,"y":5.979591369628906,"z":4.129807949066162},"rotation":{"x":0.023907048627734185,"y":0.6506757736206055,"z":-0.02050325646996498,"w":0.758702278137207},"size":29.11626434326172,"orthographic":false}