{"cameraMode":{"drawMode":0,"name":"Shaded","section":"Shading Mode"},"sceneLighting":false,"audioPlay":false,"sceneViewState":{"showFog":true,"showMaterialUpdate":false,"showSkybox":true,"showFlares":true,"showImageEffects":true,"showParticleSystems":true},"in2DMode":false,"pivot":{"x":19.27041244506836,"y":13.953706741333008,"z":-0.37934306263923647},"rotation":{"x":0.07437087595462799,"y":0.7104458808898926,"z":0.07594979554414749,"w":-0.695677638053894},"size":22.0,"orthographic":false}