{"cameraMode":{"drawMode":0,"name":"Shaded","section":"Shading Mode"},"sceneLighting":true,"audioPlay":false,"sceneViewState":{"showFog":true,"showMaterialUpdate":false,"showSkybox":true,"showFlares":true,"showImageEffects":true,"showParticleSystems":true},"in2DMode":false,"pivot":{"x":7.423850059509277,"y":5.478842258453369,"z":-22.195329666137697},"rotation":{"x":0.016887489706277849,"y":0.6605666875839233,"z":0.014865221455693245,"w":-0.7504302263259888},"size":22.0,"orthographic":false}