{"cameraMode":{"drawMode":0,"name":"Shaded","section":"Shading Mode"},"sceneLighting":false,"audioPlay":false,"sceneViewState":{"showFog":true,"showMaterialUpdate":false,"showSkybox":false,"showFlares":true,"showImageEffects":true,"showParticleSystems":true},"in2DMode":false,"pivot":{"x":-8.514400482177735,"y":1.4960891008377076,"z":30.738807678222658},"rotation":{"x":-0.10328944027423859,"y":0.16863244771957398,"z":-0.017771778628230096,"w":-0.9800910949707031},"size":19.610130310058595,"orthographic":false}