{"cameraMode":{"drawMode":0,"name":"Shaded","section":"Shading Mode"},"sceneLighting":false,"audioPlay":false,"sceneViewState":{"showFog":true,"showMaterialUpdate":false,"showSkybox":false,"showFlares":true,"showImageEffects":true,"showParticleSystems":true},"in2DMode":false,"pivot":{"x":8.409236907958985,"y":8.940313339233399,"z":-5.831473350524902},"rotation":{"x":0.09847480803728104,"y":0.7774729132652283,"z":0.12586693465709687,"w":-0.6082730889320374},"size":5.344296455383301,"orthographic":false}