{"cameraMode":{"drawMode":0,"name":"Shaded","section":"Shading Mode"},"sceneLighting":false,"audioPlay":false,"sceneViewState":{"showFog":true,"showMaterialUpdate":false,"showSkybox":true,"showFlares":true,"showImageEffects":true,"showParticleSystems":true},"in2DMode":false,"pivot":{"x":0.0,"y":1.2898383140563965,"z":-14.194849967956543},"rotation":{"x":0.06508323550224304,"y":-0.7489094734191895,"z":0.07438565790653229,"w":0.6552600264549255},"size":9.80506420135498,"orthographic":false}