{"cameraMode":{"drawMode":0,"name":"Shaded","section":"Shading Mode"},"sceneLighting":false,"audioPlay":false,"sceneViewState":{"showFog":true,"showMaterialUpdate":false,"showSkybox":false,"showFlares":true,"showImageEffects":true,"showParticleSystems":true},"in2DMode":false,"pivot":{"x":-0.2855079174041748,"y":0.1987311840057373,"z":0.22628772258758546},"rotation":{"x":-0.08778965473175049,"y":-0.6932942271232605,"z":0.08570771664381027,"w":-0.7101340293884277},"size":9.441695213317871,"orthographic":false}