{"cameraMode":{"drawMode":0,"name":"Shaded","section":"Shading Mode"},"sceneLighting":false,"audioPlay":false,"sceneViewState":{"showFog":true,"showMaterialUpdate":false,"showSkybox":false,"showFlares":true,"showImageEffects":true,"showParticleSystems":true},"in2DMode":false,"pivot":{"x":0.8384599685668945,"y":4.857821464538574,"z":0.20099210739135743},"rotation":{"x":0.14136645197868348,"y":0.6652458310127258,"z":0.13035562634468079,"w":-0.7214366793632507},"size":13.837211608886719,"orthographic":false}